image_name,xmin,xmax,ymin,ymax,class_id
3df050ff-09fc-4dfa-b4b3-34c671c80205_aug_113.png,21,29,28,38,7
1e87590d-37df-4ffc-8d1f-491b8d653be4_aug_132.png,11,19,25,36,2
1e87590d-37df-4ffc-8d1f-491b8d653be4_aug_132.png,20,28,24,35,7
1e87590d-37df-4ffc-8d1f-491b8d653be4_aug_150.png,25,33,10,21,2
1e87590d-37df-4ffc-8d1f-491b8d653be4_aug_150.png,34,42,9,21,7
5034e189-7100-4531-a6a7-89c44e51af5e_aug_82.png,13,21,24,37,2
5034e189-7100-4531-a6a7-89c44e51af5e_aug_82.png,21,30,23,39,4
1e87590d-37df-4ffc-8d1f-491b8d653be4_aug_213.png,23,32,11,22,2
1e87590d-37df-4ffc-8d1f-491b8d653be4_aug_213.png,32,41,10,22,7
1e87590d-37df-4ffc-8d1f-491b8d653be4_aug_218.png,18,27,13,25,2
1e87590d-37df-4ffc-8d1f-491b8d653be4_aug_218.png,28,37,12,25,7
1e87590d-37df-4ffc-8d1f-491b8d653be4_aug_235.png,20,28,18,30,2
1e87590d-37df-4ffc-8d1f-491b8d653be4_aug_235.png,29,37,17,30,7
3ab1eef6-edd7-4585-9b21-67214d3a3a4e_aug_43.png,21,28,20,31,8
3df050ff-09fc-4dfa-b4b3-34c671c80205_aug_68.png,25,33,24,36,7
74fbd379-691c-435e-ab85-e691762bb96c_aug_220.png,24,33,22,34,2
74fbd379-691c-435e-ab85-e691762bb96c_aug_220.png,33,41,22,35,0
1e87590d-37df-4ffc-8d1f-491b8d653be4_aug_290.png,20,28,25,38,2
1e87590d-37df-4ffc-8d1f-491b8d653be4_aug_290.png,29,37,24,38,7
e50877af-ec93-47cf-8ba9-459c88217e96_aug_17.png,18,25,18,31,1
e50877af-ec93-47cf-8ba9-459c88217e96_aug_17.png,23,33,18,31,9
5034e189-7100-4531-a6a7-89c44e51af5e_aug_7.png,23,31,25,36,2
5034e189-7100-4531-a6a7-89c44e51af5e_aug_7.png,31,40,24,38,4
2922b38f-5f16-4e9b-bfcf-bc9d4b9d1eeb_aug_143.png,9,18,21,34,2
2922b38f-5f16-4e9b-bfcf-bc9d4b9d1eeb_aug_143.png,17,28,21,34,5
2922b38f-5f16-4e9b-bfcf-bc9d4b9d1eeb_aug_260.png,19,28,21,34,2
2922b38f-5f16-4e9b-bfcf-bc9d4b9d1eeb_aug_260.png,26,36,21,34,5
31ebb753-24a4-4a0a-b02a-abb3bae0e70c_aug_215.png,14,22,29,42,2
31ebb753-24a4-4a0a-b02a-abb3bae0e70c_aug_215.png,22,28,29,42,1
76cdad1e-10b8-4c0a-972e-a6a5e51eba26_aug_248.png,17,28,33,45,6
1e87590d-37df-4ffc-8d1f-491b8d653be4_aug_56.png,14,21,12,24,2
1e87590d-37df-4ffc-8d1f-491b8d653be4_aug_56.png,22,29,11,24,7
2a6def23-1262-4def-b0a1-45c814e5b9d7_aug_104.png,11,17,14,25,1
2a6def23-1262-4def-b0a1-45c814e5b9d7_aug_104.png,16,24,14,25,4
31ebb753-24a4-4a0a-b02a-abb3bae0e70c_aug_232.png,15,24,16,28,2
31ebb753-24a4-4a0a-b02a-abb3bae0e70c_aug_232.png,24,31,16,28,1
eff0dc2d-1b4c-452e-a878-28a85d20a285_aug_116.png,22,29,14,25,1
eff0dc2d-1b4c-452e-a878-28a85d20a285_aug_116.png,29,37,12,25,6
3ab1eef6-edd7-4585-9b21-67214d3a3a4e_aug_114.png,14,23,13,25,8
2a6def23-1262-4def-b0a1-45c814e5b9d7_aug_173.png,13,20,20,31,1
2a6def23-1262-4def-b0a1-45c814e5b9d7_aug_173.png,20,30,20,31,4
3df050ff-09fc-4dfa-b4b3-34c671c80205_aug_105.png,26,35,14,26,7
e32af7e4-8f8c-4291-963e-359439bfa72d_aug_186.png,24,35,27,41,2
3ab1eef6-edd7-4585-9b21-67214d3a3a4e_aug_15.png,22,30,16,28,8
2a6def23-1262-4def-b0a1-45c814e5b9d7_aug_206.png,14,20,14,25,1
2a6def23-1262-4def-b0a1-45c814e5b9d7_aug_206.png,20,28,14,25,4
1e87590d-37df-4ffc-8d1f-491b8d653be4_aug_256.png,12,20,21,33,2
1e87590d-37df-4ffc-8d1f-491b8d653be4_aug_256.png,22,30,20,33,7
2a6def23-1262-4def-b0a1-45c814e5b9d7_aug_280.png,16,22,27,39,1
2a6def23-1262-4def-b0a1-45c814e5b9d7_aug_280.png,21,29,27,39,4
86af0317-90b3-417d-9bf3-e3765fde99b8_aug_86.png,5,16,11,24,2
86af0317-90b3-417d-9bf3-e3765fde99b8_aug_86.png,15,26,12,26,3
31ebb753-24a4-4a0a-b02a-abb3bae0e70c_aug_148.png,17,25,23,36,2
31ebb753-24a4-4a0a-b02a-abb3bae0e70c_aug_148.png,25,31,23,36,1
31ebb753-24a4-4a0a-b02a-abb3bae0e70c_aug_167.png,25,34,23,35,2
31ebb753-24a4-4a0a-b02a-abb3bae0e70c_aug_167.png,34,41,23,35,1
86af0317-90b3-417d-9bf3-e3765fde99b8_aug_299.png,16,25,18,29,2
86af0317-90b3-417d-9bf3-e3765fde99b8_aug_299.png,24,33,19,31,3
2a6def23-1262-4def-b0a1-45c814e5b9d7_aug_118.png,8,15,16,27,1
2a6def23-1262-4def-b0a1-45c814e5b9d7_aug_118.png,15,25,16,27,4
31ebb753-24a4-4a0a-b02a-abb3bae0e70c_aug_246.png,12,19,17,29,2
31ebb753-24a4-4a0a-b02a-abb3bae0e70c_aug_246.png,19,25,17,29,1
31ebb753-24a4-4a0a-b02a-abb3bae0e70c_aug_69.png,13,21,12,25,2
31ebb753-24a4-4a0a-b02a-abb3bae0e70c_aug_69.png,21,27,12,25,1
31ebb753-24a4-4a0a-b02a-abb3bae0e70c_aug_18.png,12,21,27,41,2
31ebb753-24a4-4a0a-b02a-abb3bae0e70c_aug_18.png,21,28,27,41,1
31ebb753-24a4-4a0a-b02a-abb3bae0e70c_aug_76.png,21,30,15,29,2
31ebb753-24a4-4a0a-b02a-abb3bae0e70c_aug_76.png,30,37,15,29,1
d970727b-8f4d-437a-afa3-da77d544a7b2_aug_65.png,15,22,27,39,1
d970727b-8f4d-437a-afa3-da77d544a7b2_aug_65.png,23,31,27,40,0
3ab1eef6-edd7-4585-9b21-67214d3a3a4e_aug_117.png,11,19,18,30,8
3ab1eef6-edd7-4585-9b21-67214d3a3a4e_aug_135.png,29,38,30,41,8
8b49dfed-242f-4aec-85b6-721a7a0a1807_aug_205.png,18,30,13,27,2
eff0dc2d-1b4c-452e-a878-28a85d20a285_aug_81.png,9,16,19,32,1
eff0dc2d-1b4c-452e-a878-28a85d20a285_aug_81.png,16,24,17,32,6
86af0317-90b3-417d-9bf3-e3765fde99b8_aug_75.png,23,32,26,39,2
86af0317-90b3-417d-9bf3-e3765fde99b8_aug_75.png,32,41,27,41,3
d970727b-8f4d-437a-afa3-da77d544a7b2_aug_160.png,16,23,28,40,1
d970727b-8f4d-437a-afa3-da77d544a7b2_aug_160.png,24,33,28,40,0
3ab1eef6-edd7-4585-9b21-67214d3a3a4e_aug_239.png,12,20,19,32,8
74fbd379-691c-435e-ab85-e691762bb96c_aug_298.png,13,22,26,37,2
74fbd379-691c-435e-ab85-e691762bb96c_aug_298.png,22,31,26,38,0
3ab1eef6-edd7-4585-9b21-67214d3a3a4e_aug_277.png,11,18,13,24,8
3ab1eef6-edd7-4585-9b21-67214d3a3a4e_aug_294.png,20,28,23,36,8
9c79af07-a45d-46c8-8b7a-6d16d8b78354_aug_207.png,20,28,11,25,1
9c79af07-a45d-46c8-8b7a-6d16d8b78354_aug_207.png,27,35,11,25,3
ae7539bd-4166-4783-bc27-b1f6e6cf4f23_aug_78.png,14,21,18,30,1
ae7539bd-4166-4783-bc27-b1f6e6cf4f23_aug_78.png,21,30,18,30,5
3ab1eef6-edd7-4585-9b21-67214d3a3a4e_aug_55.png,14,22,14,27,8
3ab1eef6-edd7-4585-9b21-67214d3a3a4e_aug_8.png,25,34,14,26,8
9df3c29f-8799-4292-9a98-e22ed2ada729_aug_48.png,15,23,25,37,2
9df3c29f-8799-4292-9a98-e22ed2ada729_aug_48.png,23,32,25,37,6
86af0317-90b3-417d-9bf3-e3765fde99b8_aug_70.png,21,31,12,22,2
86af0317-90b3-417d-9bf3-e3765fde99b8_aug_70.png,30,40,13,24,3
7fd54b57-8773-4989-a9d5-cbabcdca1000_aug_164.png,17,27,16,28,2
7fd54b57-8773-4989-a9d5-cbabcdca1000_aug_164.png,27,37,16,28,2
86af0317-90b3-417d-9bf3-e3765fde99b8_aug_228.png,16,25,19,30,2
86af0317-90b3-417d-9bf3-e3765fde99b8_aug_228.png,25,34,20,32,3
3df050ff-09fc-4dfa-b4b3-34c671c80205_aug_251.png,13,21,27,40,7
3df050ff-09fc-4dfa-b4b3-34c671c80205_aug_264.png,24,32,17,29,7
2a6def23-1262-4def-b0a1-45c814e5b9d7_aug_201.png,10,16,24,36,1
2a6def23-1262-4def-b0a1-45c814e5b9d7_aug_201.png,15,23,24,36,4
2922b38f-5f16-4e9b-bfcf-bc9d4b9d1eeb_aug_133.png,14,23,18,31,2
2922b38f-5f16-4e9b-bfcf-bc9d4b9d1eeb_aug_133.png,21,31,18,31,5
3df050ff-09fc-4dfa-b4b3-34c671c80205_aug_99.png,19,28,19,31,7
eff0dc2d-1b4c-452e-a878-28a85d20a285_aug_182.png,19,27,11,24,1
eff0dc2d-1b4c-452e-a878-28a85d20a285_aug_182.png,26,35,9,24,6
3f867195-ce14-4d94-a9f9-314f49abca22_aug_144.png,21,27,24,36,1
3f867195-ce14-4d94-a9f9-314f49abca22_aug_144.png,26,34,24,36,7
2a6def23-1262-4def-b0a1-45c814e5b9d7_aug_197.png,19,25,30,40,1
2a6def23-1262-4def-b0a1-45c814e5b9d7_aug_197.png,25,33,30,40,4
8b49dfed-242f-4aec-85b6-721a7a0a1807_aug_134.png,16,26,30,45,2
3f867195-ce14-4d94-a9f9-314f49abca22_aug_223.png,21,27,13,24,1
3f867195-ce14-4d94-a9f9-314f49abca22_aug_223.png,26,34,13,24,7
9df3c29f-8799-4292-9a98-e22ed2ada729_aug_166.png,10,17,20,32,2
9df3c29f-8799-4292-9a98-e22ed2ada729_aug_166.png,18,26,20,32,6
3f867195-ce14-4d94-a9f9-314f49abca22_aug_274.png,11,17,30,42,1
3f867195-ce14-4d94-a9f9-314f49abca22_aug_274.png,16,24,30,42,7
3f867195-ce14-4d94-a9f9-314f49abca22_aug_42.png,29,35,26,39,1
3f867195-ce14-4d94-a9f9-314f49abca22_aug_42.png,33,42,26,39,7
3f867195-ce14-4d94-a9f9-314f49abca22_aug_45.png,23,28,26,38,1
3f867195-ce14-4d94-a9f9-314f49abca22_aug_45.png,28,36,26,38,7
3f867195-ce14-4d94-a9f9-314f49abca22_aug_96.png,14,20,13,25,1
3f867195-ce14-4d94-a9f9-314f49abca22_aug_96.png,19,27,13,25,7
7f0a8b9b-f636-492d-ba95-b5f6b6348dd2_aug_170.png,25,36,22,34,2
7f0a8b9b-f636-492d-ba95-b5f6b6348dd2_aug_170.png,36,46,22,34,9
2922b38f-5f16-4e9b-bfcf-bc9d4b9d1eeb_aug_33.png,15,24,25,40,2
2922b38f-5f16-4e9b-bfcf-bc9d4b9d1eeb_aug_33.png,22,33,25,40,5
5034e189-7100-4531-a6a7-89c44e51af5e_aug_31.png,25,34,24,36,2
5034e189-7100-4531-a6a7-89c44e51af5e_aug_31.png,34,43,24,38,4
3ab1eef6-edd7-4585-9b21-67214d3a3a4e_aug_238.png,26,34,30,41,8
8b49dfed-242f-4aec-85b6-721a7a0a1807_aug_14.png,23,33,23,37,2
1e87590d-37df-4ffc-8d1f-491b8d653be4_aug_111.png,23,31,27,38,2
1e87590d-37df-4ffc-8d1f-491b8d653be4_aug_111.png,32,40,26,38,7
602d21b5-c18d-4360-ade4-60edc258b917_aug_0.png,25,35,30,43,4
2a6def23-1262-4def-b0a1-45c814e5b9d7_aug_285.png,14,20,13,25,1
2a6def23-1262-4def-b0a1-45c814e5b9d7_aug_285.png,21,30,13,25,4
7a68989f-a37d-434b-8778-d32515b92bf1_aug_107.png,19,29,11,23,9
3f867195-ce14-4d94-a9f9-314f49abca22_aug_247.png,29,35,24,37,1
3f867195-ce14-4d94-a9f9-314f49abca22_aug_247.png,34,42,24,37,7
602d21b5-c18d-4360-ade4-60edc258b917_aug_47.png,23,32,19,33,4
76cdad1e-10b8-4c0a-972e-a6a5e51eba26_aug_103.png,15,25,30,42,6
2922b38f-5f16-4e9b-bfcf-bc9d4b9d1eeb_aug_37.png,21,31,9,23,2
2922b38f-5f16-4e9b-bfcf-bc9d4b9d1eeb_aug_37.png,28,40,9,23,5
602d21b5-c18d-4360-ade4-60edc258b917_aug_189.png,9,19,21,33,4
e32af7e4-8f8c-4291-963e-359439bfa72d_aug_241.png,20,29,19,32,2
602d21b5-c18d-4360-ade4-60edc258b917_aug_91.png,29,38,11,24,4
602d21b5-c18d-4360-ade4-60edc258b917_aug_97.png,13,22,9,21,4
74fbd379-691c-435e-ab85-e691762bb96c_aug_10.png,13,24,11,24,2
74fbd379-691c-435e-ab85-e691762bb96c_aug_10.png,24,34,11,25,0
74fbd379-691c-435e-ab85-e691762bb96c_aug_110.png,20,29,20,31,2
74fbd379-691c-435e-ab85-e691762bb96c_aug_110.png,29,37,20,31,0
75011dfe-9b57-41b7-970c-cc92ac560fdd_aug_94.png,23,30,11,23,1
75011dfe-9b57-41b7-970c-cc92ac560fdd_aug_94.png,28,36,11,23,1
d970727b-8f4d-437a-afa3-da77d544a7b2_aug_41.png,25,32,30,43,1
d970727b-8f4d-437a-afa3-da77d544a7b2_aug_41.png,33,42,30,44,0
74fbd379-691c-435e-ab85-e691762bb96c_aug_229.png,11,22,16,28,2
74fbd379-691c-435e-ab85-e691762bb96c_aug_229.png,22,32,16,29,0
e32af7e4-8f8c-4291-963e-359439bfa72d_aug_95.png,21,30,16,30,2
7a68989f-a37d-434b-8778-d32515b92bf1_aug_141.png,23,33,27,39,9
5034e189-7100-4531-a6a7-89c44e51af5e_aug_124.png,10,20,27,39,2
5034e189-7100-4531-a6a7-89c44e51af5e_aug_124.png,20,30,26,41,4
75011dfe-9b57-41b7-970c-cc92ac560fdd_aug_155.png,24,30,15,28,1
75011dfe-9b57-41b7-970c-cc92ac560fdd_aug_155.png,28,35,15,28,1
9c79af07-a45d-46c8-8b7a-6d16d8b78354_aug_175.png,27,34,17,31,1
9c79af07-a45d-46c8-8b7a-6d16d8b78354_aug_175.png,34,41,17,31,3
75011dfe-9b57-41b7-970c-cc92ac560fdd_aug_192.png,23,30,30,43,1
75011dfe-9b57-41b7-970c-cc92ac560fdd_aug_192.png,28,36,30,43,1
7a68989f-a37d-434b-8778-d32515b92bf1_aug_165.png,28,40,15,28,9
e32af7e4-8f8c-4291-963e-359439bfa72d_aug_219.png,25,36,11,23,2
74fbd379-691c-435e-ab85-e691762bb96c_aug_138.png,10,21,16,28,2
74fbd379-691c-435e-ab85-e691762bb96c_aug_138.png,21,31,16,29,0
a493a588-aea2-4b82-a49e-5e95b821c1b8_aug_12.png,18,27,23,37,3
76cdad1e-10b8-4c0a-972e-a6a5e51eba26_aug_13.png,25,36,16,30,6
76cdad1e-10b8-4c0a-972e-a6a5e51eba26_aug_181.png,25,35,21,33,6
d041d38b-3ef1-4742-92f7-a7772c78240d_aug_236.png,15,24,11,23,3
d041d38b-3ef1-4742-92f7-a7772c78240d_aug_236.png,24,33,11,23,0
76cdad1e-10b8-4c0a-972e-a6a5e51eba26_aug_292.png,32,44,33,45,6
9c79af07-a45d-46c8-8b7a-6d16d8b78354_aug_240.png,19,26,19,32,1
9c79af07-a45d-46c8-8b7a-6d16d8b78354_aug_240.png,26,33,19,32,3
f4fa3128-0cc4-4500-8c7a-aa12756bc4da_aug_142.png,27,35,11,23,1
1e87590d-37df-4ffc-8d1f-491b8d653be4_aug_174.png,9,17,17,30,2
1e87590d-37df-4ffc-8d1f-491b8d653be4_aug_174.png,18,26,16,30,7
75011dfe-9b57-41b7-970c-cc92ac560fdd_aug_2.png,20,27,27,41,1
75011dfe-9b57-41b7-970c-cc92ac560fdd_aug_2.png,26,34,27,41,1
7a68989f-a37d-434b-8778-d32515b92bf1_aug_279.png,26,36,21,33,9
7a68989f-a37d-434b-8778-d32515b92bf1_aug_49.png,17,27,28,40,9
2a6def23-1262-4def-b0a1-45c814e5b9d7_aug_194.png,15,21,15,27,1
2a6def23-1262-4def-b0a1-45c814e5b9d7_aug_194.png,21,30,15,27,4
7f0a8b9b-f636-492d-ba95-b5f6b6348dd2_aug_283.png,21,32,20,32,2
7f0a8b9b-f636-492d-ba95-b5f6b6348dd2_aug_283.png,32,42,20,32,9
7f0a8b9b-f636-492d-ba95-b5f6b6348dd2_aug_123.png,13,24,25,37,2
7f0a8b9b-f636-492d-ba95-b5f6b6348dd2_aug_123.png,23,33,25,37,9
7a68989f-a37d-434b-8778-d32515b92bf1_aug_6.png,17,27,12,24,9
d041d38b-3ef1-4742-92f7-a7772c78240d_aug_178.png,6,15,11,23,3
d041d38b-3ef1-4742-92f7-a7772c78240d_aug_178.png,14,23,11,23,0
c738bff3-ec3e-487e-a1ff-7e531997cf60_aug_262.png,15,22,25,40,1
c738bff3-ec3e-487e-a1ff-7e531997cf60_aug_262.png,22,31,24,40,8
7f0a8b9b-f636-492d-ba95-b5f6b6348dd2_aug_287.png,22,32,22,36,2
7f0a8b9b-f636-492d-ba95-b5f6b6348dd2_aug_287.png,32,41,22,36,9
7f0a8b9b-f636-492d-ba95-b5f6b6348dd2_aug_289.png,20,29,17,31,2
7f0a8b9b-f636-492d-ba95-b5f6b6348dd2_aug_289.png,29,37,17,31,9
7f0a8b9b-f636-492d-ba95-b5f6b6348dd2_aug_73.png,20,30,28,42,2
7f0a8b9b-f636-492d-ba95-b5f6b6348dd2_aug_73.png,30,39,28,42,9
7f0a8b9b-f636-492d-ba95-b5f6b6348dd2_aug_85.png,23,34,11,23,2
7f0a8b9b-f636-492d-ba95-b5f6b6348dd2_aug_85.png,34,44,11,23,9
7f0a8b9b-f636-492d-ba95-b5f6b6348dd2_aug_89.png,14,24,27,40,2
7f0a8b9b-f636-492d-ba95-b5f6b6348dd2_aug_89.png,24,33,27,40,9
9df3c29f-8799-4292-9a98-e22ed2ada729_aug_265.png,20,28,19,30,2
9df3c29f-8799-4292-9a98-e22ed2ada729_aug_265.png,28,37,19,30,6
7f0a8b9b-f636-492d-ba95-b5f6b6348dd2_aug_119.png,13,24,15,29,2
7f0a8b9b-f636-492d-ba95-b5f6b6348dd2_aug_119.png,23,33,15,29,9
76cdad1e-10b8-4c0a-972e-a6a5e51eba26_aug_273.png,30,42,14,27,6
7fd54b57-8773-4989-a9d5-cbabcdca1000_aug_296.png,27,36,29,41,2
7fd54b57-8773-4989-a9d5-cbabcdca1000_aug_296.png,35,44,29,41,2
ae7539bd-4166-4783-bc27-b1f6e6cf4f23_aug_172.png,16,22,23,36,1
ae7539bd-4166-4783-bc27-b1f6e6cf4f23_aug_172.png,22,29,23,36,5
7fd54b57-8773-4989-a9d5-cbabcdca1000_aug_9.png,9,17,27,40,2
7fd54b57-8773-4989-a9d5-cbabcdca1000_aug_9.png,17,25,27,40,2
86af0317-90b3-417d-9bf3-e3765fde99b8_aug_210.png,12,21,28,40,2
86af0317-90b3-417d-9bf3-e3765fde99b8_aug_210.png,21,30,29,42,3
3df050ff-09fc-4dfa-b4b3-34c671c80205_aug_225.png,28,37,33,46,7
3df050ff-09fc-4dfa-b4b3-34c671c80205_aug_259.png,26,33,23,35,7
86af0317-90b3-417d-9bf3-e3765fde99b8_aug_295.png,11,21,12,24,2
86af0317-90b3-417d-9bf3-e3765fde99b8_aug_295.png,20,30,13,26,3
2922b38f-5f16-4e9b-bfcf-bc9d4b9d1eeb_aug_270.png,19,28,24,40,2
2922b38f-5f16-4e9b-bfcf-bc9d4b9d1eeb_aug_270.png,26,36,24,40,5
9df3c29f-8799-4292-9a98-e22ed2ada729_aug_101.png,20,27,22,35,2
9df3c29f-8799-4292-9a98-e22ed2ada729_aug_101.png,28,36,22,35,6
2922b38f-5f16-4e9b-bfcf-bc9d4b9d1eeb_aug_163.png,23,32,7,22,2
2922b38f-5f16-4e9b-bfcf-bc9d4b9d1eeb_aug_163.png,30,41,7,22,5
86af0317-90b3-417d-9bf3-e3765fde99b8_aug_84.png,10,21,31,42,2
86af0317-90b3-417d-9bf3-e3765fde99b8_aug_84.png,20,31,31,43,3
eff0dc2d-1b4c-452e-a878-28a85d20a285_aug_112.png,15,23,19,30,1
eff0dc2d-1b4c-452e-a878-28a85d20a285_aug_112.png,23,32,18,31,6
2a6def23-1262-4def-b0a1-45c814e5b9d7_aug_267.png,16,23,22,33,1
2a6def23-1262-4def-b0a1-45c814e5b9d7_aug_267.png,22,32,22,33,4
7f0a8b9b-f636-492d-ba95-b5f6b6348dd2_aug_230.png,15,25,11,24,2
7f0a8b9b-f636-492d-ba95-b5f6b6348dd2_aug_230.png,25,34,11,24,9
8b49dfed-242f-4aec-85b6-721a7a0a1807_aug_11.png,27,37,29,42,2
8b49dfed-242f-4aec-85b6-721a7a0a1807_aug_106.png,26,37,29,42,2
602d21b5-c18d-4360-ade4-60edc258b917_aug_159.png,16,26,25,38,4
eff0dc2d-1b4c-452e-a878-28a85d20a285_aug_157.png,17,24,30,44,1
eff0dc2d-1b4c-452e-a878-28a85d20a285_aug_157.png,24,32,28,44,6
8b49dfed-242f-4aec-85b6-721a7a0a1807_aug_19.png,14,25,31,44,2
3df050ff-09fc-4dfa-b4b3-34c671c80205_aug_293.png,30,38,13,26,7
8b49dfed-242f-4aec-85b6-721a7a0a1807_aug_255.png,16,27,28,42,2
8b49dfed-242f-4aec-85b6-721a7a0a1807_aug_269.png,21,31,21,36,2
8b49dfed-242f-4aec-85b6-721a7a0a1807_aug_286.png,14,26,19,33,2
e32af7e4-8f8c-4291-963e-359439bfa72d_aug_258.png,20,30,20,34,2
9c79af07-a45d-46c8-8b7a-6d16d8b78354_aug_130.png,16,24,32,43,1
9c79af07-a45d-46c8-8b7a-6d16d8b78354_aug_130.png,24,32,32,43,3
c738bff3-ec3e-487e-a1ff-7e531997cf60_aug_242.png,19,26,26,41,1
c738bff3-ec3e-487e-a1ff-7e531997cf60_aug_242.png,25,33,26,42,8
e50877af-ec93-47cf-8ba9-459c88217e96_aug_39.png,23,31,13,24,1
e50877af-ec93-47cf-8ba9-459c88217e96_aug_39.png,29,41,13,24,9
9c79af07-a45d-46c8-8b7a-6d16d8b78354_aug_191.png,15,22,30,42,1
9c79af07-a45d-46c8-8b7a-6d16d8b78354_aug_191.png,21,28,30,42,3
3df050ff-09fc-4dfa-b4b3-34c671c80205_aug_46.png,23,31,18,31,7
c738bff3-ec3e-487e-a1ff-7e531997cf60_aug_261.png,9,17,18,32,1
c738bff3-ec3e-487e-a1ff-7e531997cf60_aug_261.png,15,25,17,32,8
7fd54b57-8773-4989-a9d5-cbabcdca1000_aug_83.png,21,30,19,31,2
7fd54b57-8773-4989-a9d5-cbabcdca1000_aug_83.png,29,38,19,31,2
e50877af-ec93-47cf-8ba9-459c88217e96_aug_263.png,19,26,29,42,1
e50877af-ec93-47cf-8ba9-459c88217e96_aug_263.png,25,36,29,42,9
eff0dc2d-1b4c-452e-a878-28a85d20a285_aug_217.png,11,18,17,30,1
eff0dc2d-1b4c-452e-a878-28a85d20a285_aug_217.png,18,26,15,30,6
a493a588-aea2-4b82-a49e-5e95b821c1b8_aug_195.png,16,26,30,43,3
74fbd379-691c-435e-ab85-e691762bb96c_aug_271.png,13,22,17,29,2
74fbd379-691c-435e-ab85-e691762bb96c_aug_271.png,22,30,17,30,0
86af0317-90b3-417d-9bf3-e3765fde99b8_aug_61.png,10,20,24,35,2
86af0317-90b3-417d-9bf3-e3765fde99b8_aug_61.png,19,29,25,37,3
3f867195-ce14-4d94-a9f9-314f49abca22_aug_204.png,26,32,26,37,1
3f867195-ce14-4d94-a9f9-314f49abca22_aug_204.png,31,40,26,37,7
3f867195-ce14-4d94-a9f9-314f49abca22_aug_57.png,27,32,25,37,1
3f867195-ce14-4d94-a9f9-314f49abca22_aug_57.png,31,39,25,37,7
a493a588-aea2-4b82-a49e-5e95b821c1b8_aug_128.png,26,36,17,29,3
a493a588-aea2-4b82-a49e-5e95b821c1b8_aug_136.png,27,35,24,37,3
e50877af-ec93-47cf-8ba9-459c88217e96_aug_54.png,6,13,15,29,1
e50877af-ec93-47cf-8ba9-459c88217e96_aug_54.png,11,21,15,29,9
a493a588-aea2-4b82-a49e-5e95b821c1b8_aug_21.png,18,27,24,39,3
1e87590d-37df-4ffc-8d1f-491b8d653be4_aug_282.png,18,26,25,37,2
1e87590d-37df-4ffc-8d1f-491b8d653be4_aug_282.png,27,35,24,37,7
a493a588-aea2-4b82-a49e-5e95b821c1b8_aug_44.png,26,35,31,45,3
a493a588-aea2-4b82-a49e-5e95b821c1b8_aug_59.png,24,33,25,38,3
a493a588-aea2-4b82-a49e-5e95b821c1b8_aug_212.png,14,23,16,29,3
c738bff3-ec3e-487e-a1ff-7e531997cf60_aug_203.png,25,32,22,37,1
c738bff3-ec3e-487e-a1ff-7e531997cf60_aug_203.png,32,41,21,37,8
d7e8bb83-0dd4-41fa-a477-6a4792cad5a1_aug_29.png,13,21,26,38,1
d7e8bb83-0dd4-41fa-a477-6a4792cad5a1_aug_29.png,19,28,26,39,2
31ebb753-24a4-4a0a-b02a-abb3bae0e70c_aug_72.png,22,31,14,25,2
31ebb753-24a4-4a0a-b02a-abb3bae0e70c_aug_72.png,30,37,14,25,1
a51c5e1f-e8ab-484e-aa49-67594d088014_aug_67.png,24,35,18,32,5
3ab1eef6-edd7-4585-9b21-67214d3a3a4e_aug_209.png,24,32,25,36,8
7fd54b57-8773-4989-a9d5-cbabcdca1000_aug_16.png,25,35,16,29,2
7fd54b57-8773-4989-a9d5-cbabcdca1000_aug_16.png,35,45,16,29,2
ae7539bd-4166-4783-bc27-b1f6e6cf4f23_aug_140.png,26,32,27,41,1
ae7539bd-4166-4783-bc27-b1f6e6cf4f23_aug_140.png,32,40,27,41,5
86af0317-90b3-417d-9bf3-e3765fde99b8_aug_214.png,24,34,11,22,2
86af0317-90b3-417d-9bf3-e3765fde99b8_aug_214.png,33,43,12,24,3
ae7539bd-4166-4783-bc27-b1f6e6cf4f23_aug_171.png,17,23,20,34,1
ae7539bd-4166-4783-bc27-b1f6e6cf4f23_aug_171.png,23,31,20,34,5
3ab1eef6-edd7-4585-9b21-67214d3a3a4e_aug_297.png,17,26,20,32,8
ae7539bd-4166-4783-bc27-b1f6e6cf4f23_aug_196.png,15,21,22,35,1
ae7539bd-4166-4783-bc27-b1f6e6cf4f23_aug_196.png,21,29,22,35,5
ae7539bd-4166-4783-bc27-b1f6e6cf4f23_aug_272.png,12,18,31,44,1
ae7539bd-4166-4783-bc27-b1f6e6cf4f23_aug_272.png,18,25,31,44,5
ae7539bd-4166-4783-bc27-b1f6e6cf4f23_aug_36.png,18,25,23,35,1
ae7539bd-4166-4783-bc27-b1f6e6cf4f23_aug_36.png,24,33,23,35,5
c738bff3-ec3e-487e-a1ff-7e531997cf60_aug_1.png,9,15,25,40,1
c738bff3-ec3e-487e-a1ff-7e531997cf60_aug_1.png,15,23,24,40,8
8b49dfed-242f-4aec-85b6-721a7a0a1807_aug_211.png,13,24,25,38,2
5034e189-7100-4531-a6a7-89c44e51af5e_aug_122.png,18,26,11,22,2
5034e189-7100-4531-a6a7-89c44e51af5e_aug_122.png,26,35,10,24,4
9c79af07-a45d-46c8-8b7a-6d16d8b78354_aug_152.png,21,28,23,35,1
9c79af07-a45d-46c8-8b7a-6d16d8b78354_aug_152.png,28,35,23,35,3
602d21b5-c18d-4360-ade4-60edc258b917_aug_200.png,12,21,27,40,4
5034e189-7100-4531-a6a7-89c44e51af5e_aug_90.png,9,17,19,31,2
5034e189-7100-4531-a6a7-89c44e51af5e_aug_90.png,17,26,18,33,4
a493a588-aea2-4b82-a49e-5e95b821c1b8_aug_120.png,16,26,16,29,3
d041d38b-3ef1-4742-92f7-a7772c78240d_aug_80.png,12,21,20,32,3
d041d38b-3ef1-4742-92f7-a7772c78240d_aug_80.png,20,29,20,32,0
9c79af07-a45d-46c8-8b7a-6d16d8b78354_aug_291.png,14,22,21,35,1
9c79af07-a45d-46c8-8b7a-6d16d8b78354_aug_291.png,22,30,21,35,3
3ab1eef6-edd7-4585-9b21-67214d3a3a4e_aug_109.png,15,23,17,28,8
d7e8bb83-0dd4-41fa-a477-6a4792cad5a1_aug_208.png,8,16,21,33,1
d7e8bb83-0dd4-41fa-a477-6a4792cad5a1_aug_208.png,14,22,21,34,2
d7e8bb83-0dd4-41fa-a477-6a4792cad5a1_aug_253.png,22,29,14,26,1
d7e8bb83-0dd4-41fa-a477-6a4792cad5a1_aug_253.png,27,35,14,27,2
d970727b-8f4d-437a-afa3-da77d544a7b2_aug_102.png,22,30,15,26,1
d970727b-8f4d-437a-afa3-da77d544a7b2_aug_102.png,31,40,15,27,0
d970727b-8f4d-437a-afa3-da77d544a7b2_aug_149.png,10,16,16,27,1
d970727b-8f4d-437a-afa3-da77d544a7b2_aug_149.png,18,26,16,27,0
d970727b-8f4d-437a-afa3-da77d544a7b2_aug_151.png,21,28,26,38,1
d970727b-8f4d-437a-afa3-da77d544a7b2_aug_151.png,30,39,26,39,0
5034e189-7100-4531-a6a7-89c44e51af5e_aug_60.png,14,24,22,34,2
5034e189-7100-4531-a6a7-89c44e51af5e_aug_60.png,23,34,21,35,4
76cdad1e-10b8-4c0a-972e-a6a5e51eba26_aug_35.png,28,38,23,35,6
d970727b-8f4d-437a-afa3-da77d544a7b2_aug_190.png,7,14,12,23,1
d970727b-8f4d-437a-afa3-da77d544a7b2_aug_190.png,15,24,12,24,0
d970727b-8f4d-437a-afa3-da77d544a7b2_aug_226.png,25,31,18,28,1
d970727b-8f4d-437a-afa3-da77d544a7b2_aug_226.png,32,40,18,29,0
7f0a8b9b-f636-492d-ba95-b5f6b6348dd2_aug_108.png,18,28,27,41,2
7f0a8b9b-f636-492d-ba95-b5f6b6348dd2_aug_108.png,27,36,27,41,9
602d21b5-c18d-4360-ade4-60edc258b917_aug_288.png,25,33,17,30,4
a51c5e1f-e8ab-484e-aa49-67594d088014_aug_92.png,15,25,13,27,5
a51c5e1f-e8ab-484e-aa49-67594d088014_aug_88.png,26,36,31,43,5
9df3c29f-8799-4292-9a98-e22ed2ada729_aug_3.png,7,15,27,41,2
9df3c29f-8799-4292-9a98-e22ed2ada729_aug_3.png,15,24,27,41,6
75011dfe-9b57-41b7-970c-cc92ac560fdd_aug_266.png,24,30,24,36,1
75011dfe-9b57-41b7-970c-cc92ac560fdd_aug_266.png,30,37,24,36,1
602d21b5-c18d-4360-ade4-60edc258b917_aug_51.png,12,21,9,22,4
8b49dfed-242f-4aec-85b6-721a7a0a1807_aug_50.png,15,26,21,34,2
76cdad1e-10b8-4c0a-972e-a6a5e51eba26_aug_146.png,33,45,33,47,6
a493a588-aea2-4b82-a49e-5e95b821c1b8_aug_77.png,12,21,18,30,3
74fbd379-691c-435e-ab85-e691762bb96c_aug_243.png,11,20,27,38,2
74fbd379-691c-435e-ab85-e691762bb96c_aug_243.png,21,29,27,39,0
e50877af-ec93-47cf-8ba9-459c88217e96_aug_139.png,11,18,20,33,1
e50877af-ec93-47cf-8ba9-459c88217e96_aug_139.png,16,26,20,33,9
e50877af-ec93-47cf-8ba9-459c88217e96_aug_156.png,24,31,24,35,1
e50877af-ec93-47cf-8ba9-459c88217e96_aug_156.png,29,39,24,35,9
8b49dfed-242f-4aec-85b6-721a7a0a1807_aug_121.png,11,21,30,43,2
e50877af-ec93-47cf-8ba9-459c88217e96_aug_23.png,18,26,17,29,1
e50877af-ec93-47cf-8ba9-459c88217e96_aug_23.png,23,34,17,29,9
d7e8bb83-0dd4-41fa-a477-6a4792cad5a1_aug_179.png,9,16,11,23,1
d7e8bb83-0dd4-41fa-a477-6a4792cad5a1_aug_179.png,15,23,11,24,2
e50877af-ec93-47cf-8ba9-459c88217e96_aug_275.png,14,21,22,34,1
e50877af-ec93-47cf-8ba9-459c88217e96_aug_275.png,19,29,22,34,9
75011dfe-9b57-41b7-970c-cc92ac560fdd_aug_161.png,12,18,18,30,1
75011dfe-9b57-41b7-970c-cc92ac560fdd_aug_161.png,16,22,18,30,1
a51c5e1f-e8ab-484e-aa49-67594d088014_aug_131.png,23,35,22,36,5
86af0317-90b3-417d-9bf3-e3765fde99b8_aug_93.png,12,23,18,29,2
86af0317-90b3-417d-9bf3-e3765fde99b8_aug_93.png,21,32,19,31,3
5034e189-7100-4531-a6a7-89c44e51af5e_aug_184.png,9,18,30,42,2
5034e189-7100-4531-a6a7-89c44e51af5e_aug_184.png,18,27,30,45,4
eff0dc2d-1b4c-452e-a878-28a85d20a285_aug_20.png,16,23,26,38,1
eff0dc2d-1b4c-452e-a878-28a85d20a285_aug_20.png,23,31,24,38,6
3f867195-ce14-4d94-a9f9-314f49abca22_aug_125.png,23,29,24,35,1
3f867195-ce14-4d94-a9f9-314f49abca22_aug_125.png,28,36,24,35,7
9df3c29f-8799-4292-9a98-e22ed2ada729_aug_237.png,20,28,22,35,2
9df3c29f-8799-4292-9a98-e22ed2ada729_aug_237.png,28,37,22,35,6
eff0dc2d-1b4c-452e-a878-28a85d20a285_aug_22.png,18,25,21,33,1
eff0dc2d-1b4c-452e-a878-28a85d20a285_aug_22.png,26,34,20,34,6
eff0dc2d-1b4c-452e-a878-28a85d20a285_aug_249.png,15,22,18,32,1
eff0dc2d-1b4c-452e-a878-28a85d20a285_aug_249.png,22,30,16,32,6
2922b38f-5f16-4e9b-bfcf-bc9d4b9d1eeb_aug_100.png,16,25,20,33,2
2922b38f-5f16-4e9b-bfcf-bc9d4b9d1eeb_aug_100.png,23,34,20,33,5
eff0dc2d-1b4c-452e-a878-28a85d20a285_aug_52.png,14,22,18,31,1
eff0dc2d-1b4c-452e-a878-28a85d20a285_aug_52.png,22,31,16,31,6
eff0dc2d-1b4c-452e-a878-28a85d20a285_aug_74.png,18,25,20,32,1
eff0dc2d-1b4c-452e-a878-28a85d20a285_aug_74.png,25,33,18,32,6
f4fa3128-0cc4-4500-8c7a-aa12756bc4da_aug_115.png,20,28,28,41,1
1e87590d-37df-4ffc-8d1f-491b8d653be4_aug_24.png,10,19,21,34,2
1e87590d-37df-4ffc-8d1f-491b8d653be4_aug_24.png,20,29,20,34,7
f4fa3128-0cc4-4500-8c7a-aa12756bc4da_aug_233.png,21,30,19,31,1
f4fa3128-0cc4-4500-8c7a-aa12756bc4da_aug_34.png,19,26,23,35,1
f4fa3128-0cc4-4500-8c7a-aa12756bc4da_aug_79.png,21,28,25,38,1
